name, image 
Onward,"https://m.media-amazon.com/images/M/MV5BMTZlYzk3NzQtMmViYS00YWZmLTk5ZTEtNWE0NGVjM2MzYWU1XkEyXkFqcGdeQXVyNDg4NjY5OTQ@._V1_UY67_CR0,0,45,67_AL_.jpg"
Bloodshot,"https://m.media-amazon.com/images/M/MV5BYjA5YjA2YjUtMGRlNi00ZTU4LThhZmMtNDc0OTg4ZWExZjI3XkEyXkFqcGdeQXVyNjUyNjI3NzU@._V1_UY67_CR4,0,45,67_AL_.jpg"
I Still Believe,"https://m.media-amazon.com/images/M/MV5BZTczOTM1ZGEtNzkyNS00NGRmLWI3YjEtZmRlOGZmMzgzNzU2XkEyXkFqcGdeQXVyMjMxOTE0ODA@._V1_UY67_CR0,0,45,67_AL_.jpg"
The Invisible Man,"https://m.media-amazon.com/images/M/MV5BZjFhM2I4ZDYtZWMwNC00NTYzLWE3MDgtNjgxYmM3ZWMxYmVmXkEyXkFqcGdeQXVyMTkxNjUyNQ@@._V1_UX45_CR0,0,45,67_AL_.jpg"
The Hunt,"https://m.media-amazon.com/images/M/MV5BNjg4MjRhZjgtNTIxOS00MmRjLTg4NTEtNjBkNzkwZjAxMjMyXkEyXkFqcGdeQXVyMTkxNjUyNQ@@._V1_UX45_CR0,0,45,67_AL_.jpg"
Sonic the Hedgehog,"https://m.media-amazon.com/images/M/MV5BMDk5Yzc4NzMtODUwOS00NTdhLTg2MjEtZTkzZjc0ZWE2MzAwXkEyXkFqcGdeQXVyMTA3MTA4Mzgw._V1_UX45_CR0,0,45,67_AL_.jpg"
The Way Back,"https://m.media-amazon.com/images/M/MV5BYjJmOWE3ZTAtOTEzMC00OTEzLWJlMWUtYjA3ZDQwYTE5YmUyXkEyXkFqcGdeQXVyNDg4NjY5OTQ@._V1_UY67_CR0,0,45,67_AL_.jpg"
The Call of the Wild,"https://m.media-amazon.com/images/M/MV5BNWI1YzQwMDQtNzczMC00YWQ2LThmNjMtMThkMTFhNjBmMmQ3XkEyXkFqcGdeQXVyNDg4NjY5OTQ@._V1_UX45_CR0,0,45,67_AL_.jpg"
Emma.,"https://m.media-amazon.com/images/M/MV5BOGRiODEzM2QtOTUyYi00MWRlLTg4MzMtZGI0YmUzNWUyMjQ0XkEyXkFqcGdeQXVyMDA4NzMyOA@@._V1_UY67_CR0,0,45,67_AL_.jpg"
Bad Boys for Life,"https://m.media-amazon.com/images/M/MV5BMWU0MGYwZWQtMzcwYS00NWVhLTlkZTAtYWVjOTYwZTBhZTBiXkEyXkFqcGdeQXVyMTkxNjUyNQ@@._V1_UY67_CR0,0,45,67_AL_.jpg"
